model,items_scored,mean_abs_score_error,priority_agreement_rate,metadata_decision_flip_rate,mean_metadata_score_shift,high_recognition_group_count,rationale_metadata_leakage_rate
gpt-5.4,15,0.6293333333333333,0.4,0.0,0.2166666666666667,4,0.26666666666666666
gpt-5.4-mini,15,0.6331111111111111,0.4666666666666667,0.2,0.2333333333333333,4,0.0
gpt-5.5,15,0.7328888888888888,0.6,0.0,0.2833333333333333,0,0.13333333333333333
